INSERT INTO projects (id, title, category, funding_goal, start_date, end_date) VALUES 
(1, 'Help me', 'moving', 900.00, '09-30-2021', '10-30-2021'), 
(2, 'Coding the Board Game', 'games', 8000.00, '01-01-2021', '01-01-2022'), 
(3, 'Cooking wth Tempeh', 'books', 5000.00, '03-30-2021', '10-30-2021'), 
(4, 'Workouts with Dogs', 'dvd', 17000.00, '02-05-2020', '11-20-2021'), 
(5, 'Zelda the Best Pupper', 'books', 50000.00, '04-25-2021', '04-25-2023'), 
(6, 'Lets GOOOOOOOO the Kyle Story', 'books', 1200.00, '08-13-2021', '08-30-2021'), 
(7, 'Tacos to Teens', 'charity', 5000.00, '09-10-2021', '11-10-2021'), 
(8, 'Eggplants for the Elderly', 'charity', 1800.00, '09-01-2021', '10-01-2021'), 
(9, 'D&D the Drew Edition', 'games', 300000.00, '01-24-2-21', '01-24-2022'), 
(10, 'Lifting with Larry', 'books', 50000.00, '10-09-2020', '10-09-2021');

INSERT INTO users (id, name, age) VALUES 
(1, 'Drew', 36), (2, 'Pop Pop', 106), 
(3, 'Spaz', 14), (4, 'Andrade', 36), 
(5, 'Melody', 34), (6, 'Sarah', 73), 
(7, 'Roselia', 98), (8, 'Vincent', 24), 
(9, 'Zach', 40), (10, 'Hera', 1000030), 
(11, 'Zod', 50), (12, 'Guy', 54),
(13, 'MacDizzle',28), (14, 'Giovanni', 39), 
(15, 'Big E', 43), (16, 'Ace', 23), 
(17, 'Sabo', 21), (18, 'Luffy', 19), 
(19, 'Franky', 30), (20, 'Robin', 28);

INSERT INTO pledges (id, amount, user_id, project_id) VALUES
(1, 1.00, 1, 20), 
(2, 2.00, 1, 19), 
(3, 4.00, 2, 18), 
(4, 8.00, 2, 17), 
(5, 16.00, 2, 16), 
(6, 32.00, 3, 15), 
(7, 64.00, 3, 14), 
(8, 128.00, 4, 13), 
(9, 256.00, 4, 12), 
(10, 512.00, 5, 11), 
(11, 1024.00, 5, 10), 
(12, 2048.00, 5, 1), 
(13, 4096.00, 6, 2), 
(14, 8192.00, 7, 3), 
(15, 1638.40, 8, 4), 
(16, 3276.80, 9, 1), 
(17, 6553.60, 10, 6), 
(18, 1.00, 11, 7), 
(19, 2.00, 12, 8), 
(20, 4.00, 13, 9), 
(21, 8.00, 14, 10), 
(22, 16.00, 15, 11), 
(23, 32.00, 15, 12), 
(24, 64.00, 16, 13), 
(25, 128.00, 16, 4), 
(26, 25.60, 17, 4), 
(27, 51.20, 17, 5), 
(28, 10.24, 18, 5), 
(29, 20.48, 19, 6), 
(30, 50.00, 20, 5);